age,cp,thalach,oldpeak,target
63.0,1,150.0,2.3,0
67.0,4,108.0,1.5,1
67.0,4,129.0,2.6,1
37.0,3,187.0,3.5,0
41.0,2,172.0,1.4,0
56.0,2,178.0,0.8,0
62.0,4,160.0,3.6,1
57.0,4,163.0,0.6,0
63.0,4,147.0,1.4,1
53.0,4,155.0,3.1,1
57.0,4,148.0,0.4,0
56.0,2,153.0,1.3,0
56.0,3,142.0,0.6,1
44.0,2,173.0,0.0,0
52.0,3,162.0,0.5,0
57.0,3,174.0,1.6,0
48.0,2,168.0,1.0,1
54.0,4,160.0,1.2,0
48.0,3,139.0,0.2,0
49.0,2,171.0,0.6,0
64.0,1,144.0,1.8,0
58.0,1,162.0,1.0,0
58.0,2,160.0,1.8,1
58.0,3,173.0,3.2,1
60.0,4,132.0,2.4,1
50.0,3,158.0,1.6,0
58.0,3,172.0,0.0,0
66.0,1,114.0,2.6,0
43.0,4,171.0,1.5,0
40.0,4,114.0,2.0,1
69.0,1,151.0,1.8,0
60.0,4,160.0,1.4,1
64.0,3,158.0,0.0,1
59.0,4,161.0,0.5,0
44.0,3,179.0,0.4,0
42.0,4,178.0,0.0,0
43.0,4,120.0,2.5,1
57.0,4,112.0,0.6,1
55.0,4,132.0,1.2,1
61.0,3,137.0,1.0,0
65.0,4,114.0,1.0,1
40.0,1,178.0,1.4,0
71.0,2,162.0,0.4,0
59.0,3,157.0,1.6,0
61.0,4,169.0,0.0,1
58.0,3,165.0,2.5,1
51.0,3,123.0,0.6,0
50.0,4,128.0,2.6,1
65.0,3,157.0,0.8,0
53.0,3,152.0,1.2,0
41.0,2,168.0,0.0,0
65.0,4,140.0,0.4,0
44.0,4,153.0,0.0,1
44.0,2,188.0,0.0,0
60.0,4,144.0,1.4,1
54.0,4,109.0,2.2,1
50.0,3,163.0,0.6,1
41.0,4,158.0,0.0,1
54.0,3,152.0,0.5,0
51.0,1,125.0,1.4,0
51.0,4,142.0,1.2,1
46.0,3,160.0,1.4,0
58.0,4,131.0,2.2,1
54.0,3,170.0,0.0,0
54.0,4,113.0,1.4,1
60.0,4,142.0,2.8,1
60.0,3,155.0,3.0,1
54.0,3,165.0,1.6,0
59.0,4,140.0,3.4,1
46.0,3,147.0,3.6,1
65.0,3,148.0,0.8,0
67.0,4,163.0,0.2,1
62.0,4,99.0,1.8,1
65.0,4,158.0,0.6,1
44.0,4,177.0,0.0,1
65.0,3,151.0,0.8,0
60.0,4,141.0,2.8,1
51.0,3,142.0,1.5,0
48.0,2,180.0,0.2,0
58.0,4,111.0,0.8,1
45.0,4,148.0,3.0,0
53.0,4,143.0,0.4,0
39.0,3,182.0,0.0,0
68.0,3,150.0,1.6,1
52.0,2,172.0,0.2,0
44.0,3,180.0,0.0,0
47.0,3,156.0,0.0,0
53.0,3,115.0,0.0,0
53.0,4,160.0,0.0,0
51.0,3,149.0,0.5,0
66.0,4,151.0,0.4,0
62.0,4,145.0,6.2,1
62.0,3,146.0,1.8,0
44.0,3,175.0,0.6,0
63.0,3,172.0,0.0,0
52.0,4,161.0,0.0,1
59.0,4,142.0,1.2,1
60.0,4,157.0,2.6,1
52.0,2,158.0,0.8,0
48.0,4,186.0,0.0,0
45.0,4,185.0,0.0,0
34.0,1,174.0,0.0,0
57.0,4,159.0,0.0,0
71.0,3,130.0,0.0,0
49.0,3,139.0,2.0,1
54.0,2,156.0,0.0,0
59.0,4,162.0,0.0,1
57.0,3,150.0,0.4,1
61.0,4,140.0,3.6,1
39.0,4,140.0,1.2,1
61.0,4,146.0,1.0,1
56.0,4,144.0,1.2,1
52.0,1,190.0,0.0,0
43.0,4,136.0,3.0,1
62.0,3,97.0,1.2,1
41.0,2,132.0,0.0,0
58.0,3,165.0,0.0,0
35.0,4,182.0,1.4,0
63.0,4,132.0,1.8,1
65.0,4,127.0,2.8,1
48.0,4,150.0,0.0,1
63.0,4,154.0,4.0,1
51.0,3,143.0,1.2,0
55.0,4,111.0,5.6,1
65.0,1,174.0,1.4,1
45.0,2,175.0,0.6,0
56.0,4,133.0,4.0,1
54.0,4,126.0,2.8,1
44.0,2,170.0,0.0,0
62.0,4,163.0,0.0,0
54.0,3,147.0,0.4,0
51.0,3,154.0,0.0,0
29.0,2,202.0,0.0,0
51.0,4,186.0,0.0,0
43.0,3,165.0,0.2,0
55.0,2,161.0,1.4,0
70.0,4,125.0,2.6,1
62.0,2,103.0,1.4,1
35.0,4,130.0,1.6,1
51.0,3,166.0,2.4,0
59.0,2,164.0,0.0,0
59.0,1,159.0,0.2,1
52.0,2,184.0,0.0,0
64.0,3,131.0,1.8,1
58.0,3,154.0,0.6,0
47.0,3,152.0,0.0,1
57.0,4,124.0,1.0,1
41.0,3,179.0,0.0,0
45.0,2,170.0,0.0,0
60.0,3,160.0,0.0,0
52.0,1,178.0,1.2,0
42.0,4,122.0,0.6,0
67.0,3,160.0,1.6,0
55.0,4,145.0,0.8,1
64.0,4,96.0,2.2,1
70.0,4,109.0,2.4,1
51.0,4,173.0,1.6,1
58.0,4,171.0,0.0,1
60.0,4,170.0,1.2,1
68.0,3,151.0,1.0,0
46.0,2,156.0,0.0,0
77.0,4,162.0,0.0,1
54.0,3,158.0,1.6,0
58.0,4,122.0,1.0,0
48.0,3,175.0,0.0,0
57.0,4,168.0,0.0,0
52.0,3,169.0,0.0,0
54.0,2,159.0,0.0,0
35.0,4,156.0,0.0,1
45.0,2,138.0,0.0,0
70.0,3,112.0,2.9,1
53.0,4,111.0,0.0,0
59.0,4,143.0,0.0,1
62.0,4,157.0,1.2,0
64.0,4,132.0,2.0,1
57.0,4,88.0,1.2,1
52.0,4,147.0,0.1,0
56.0,4,105.0,2.1,1
43.0,3,162.0,1.9,0
53.0,3,173.0,0.0,0
48.0,4,166.0,0.5,1
56.0,4,150.0,1.9,1
42.0,1,178.0,0.8,0
59.0,1,145.0,4.2,0
60.0,4,161.0,0.0,1
63.0,2,179.0,0.0,0
42.0,3,194.0,0.8,0
66.0,2,120.0,0.0,1
54.0,2,195.0,0.0,1
69.0,3,146.0,2.0,1
50.0,3,163.0,0.0,0
51.0,4,122.0,4.2,1
43.0,4,143.0,0.1,1
62.0,4,106.0,1.9,1
68.0,3,115.0,1.5,0
67.0,4,125.0,0.9,1
69.0,1,131.0,0.1,0
45.0,4,152.0,0.2,0
50.0,2,162.0,1.1,0
59.0,1,125.0,0.0,1
50.0,4,159.0,0.0,0
64.0,4,154.0,0.0,0
57.0,3,173.0,0.2,0
64.0,3,133.0,0.2,0
43.0,4,161.0,0.0,0
45.0,4,147.0,0.0,1
58.0,4,130.0,3.0,1
50.0,4,126.0,0.9,1
55.0,2,155.0,0.0,0
62.0,4,154.0,1.4,1
37.0,3,170.0,0.0,0
38.0,1,182.0,3.8,1
41.0,3,168.0,2.0,0
66.0,4,165.0,1.0,1
52.0,4,160.0,0.0,1
56.0,1,162.0,1.9,0
46.0,2,172.0,0.0,0
46.0,4,152.0,0.0,0
64.0,4,122.0,2.0,0
59.0,4,182.0,0.0,0
41.0,3,172.0,0.0,0
54.0,3,167.0,0.0,0
39.0,3,179.0,0.0,0
53.0,4,95.0,2.0,1
63.0,4,169.0,1.8,1
34.0,2,192.0,0.7,0
47.0,4,143.0,0.1,0
67.0,3,172.0,0.0,0
54.0,4,108.0,0.0,1
66.0,4,132.0,0.1,1
52.0,3,169.0,0.1,0
55.0,4,117.0,3.4,1
49.0,3,126.0,0.8,1
74.0,2,121.0,0.2,0
54.0,3,163.0,0.0,0
54.0,4,116.0,3.2,1
56.0,4,103.0,1.6,1
46.0,4,144.0,0.8,1
49.0,2,162.0,0.0,0
42.0,2,162.0,0.0,0
41.0,2,153.0,0.0,0
41.0,2,163.0,0.0,0
49.0,4,163.0,0.0,0
61.0,1,145.0,2.6,1
60.0,3,96.0,0.0,0
67.0,4,71.0,1.0,1
58.0,4,156.0,0.1,1
47.0,4,118.0,1.0,1
52.0,4,168.0,1.0,1
62.0,2,140.0,0.0,0
57.0,4,126.0,1.5,0
58.0,4,105.0,2.0,1
64.0,4,105.0,0.2,0
51.0,3,157.0,0.6,0
43.0,4,181.0,1.2,0
42.0,3,173.0,0.0,0
67.0,4,142.0,0.3,0
76.0,3,116.0,1.1,0
70.0,2,143.0,0.0,0
57.0,2,141.0,0.3,1
44.0,3,149.0,0.3,0
58.0,2,152.0,0.0,1
60.0,1,171.0,0.9,0
44.0,3,169.0,0.0,0
61.0,4,125.0,3.6,1
42.0,4,125.0,1.8,1
52.0,4,156.0,1.0,1
59.0,3,134.0,2.2,1
40.0,4,181.0,0.0,1
42.0,3,150.0,0.0,0
61.0,4,138.0,1.9,1
66.0,4,138.0,2.3,0
46.0,4,120.0,1.8,1
71.0,4,125.0,1.6,0
59.0,1,162.0,0.8,1
64.0,1,155.0,0.6,0
66.0,3,152.0,0.0,0
39.0,3,152.0,0.0,0
57.0,2,164.0,0.0,1
58.0,4,131.0,0.6,0
57.0,4,143.0,3.0,1
47.0,3,179.0,0.0,0
55.0,4,130.0,2.0,1
35.0,2,174.0,0.0,0
61.0,4,161.0,0.0,1
58.0,4,140.0,4.4,1
58.0,4,146.0,2.8,1
58.0,2,144.0,0.4,0
56.0,2,163.0,0.0,0
56.0,2,169.0,0.0,0
67.0,3,150.0,0.8,1
55.0,2,166.0,1.2,0
44.0,4,144.0,2.8,1
63.0,4,144.0,4.0,1
63.0,4,136.0,0.0,1
41.0,2,182.0,0.0,0
59.0,4,90.0,1.0,1
57.0,4,123.0,0.2,1
45.0,1,132.0,1.2,1
68.0,4,141.0,3.4,1
57.0,4,115.0,1.2,1
57.0,2,174.0,0.0,1
38.0,3,173.0,0.0,0
